country_name	country_iso_a3	continent	subregion	year	sex	age	deaths
Brazil	BRA	South America	South America	1979	Female	0-4	310
Brazil	BRA	South America	South America	1979	Female	10-14	181
Brazil	BRA	South America	South America	1979	Female	15-19	291
Brazil	BRA	South America	South America	1979	Female	20-24	265
Brazil	BRA	South America	South America	1979	Female	25-29	373
Brazil	BRA	South America	South America	1979	Female	30-34	680
Brazil	BRA	South America	South America	1979	Female	35-39	982
Brazil	BRA	South America	South America	1979	Female	40-44	1459
Brazil	BRA	South America	South America	1979	Female	45-49	2137
Brazil	BRA	South America	South America	1979	Female	5-9	204
Brazil	BRA	South America	South America	1979	Female	50-54	2634
Brazil	BRA	South America	South America	1979	Female	55-59	2647
Brazil	BRA	South America	South America	1979	Female	60-64	2797
Brazil	BRA	South America	South America	1979	Female	65-69	3027
Brazil	BRA	South America	South America	1979	Female	70-74	2791
Brazil	BRA	South America	South America	1979	Female	75-79	2344
Brazil	BRA	South America	South America	1979	Female	80-84	1219
Brazil	BRA	South America	South America	1979	Female	85+	925
Brazil	BRA	South America	South America	1979	Male	0-4	405
Brazil	BRA	South America	South America	1979	Male	10-14	259
Brazil	BRA	South America	South America	1979	Male	15-19	348
Brazil	BRA	South America	South America	1979	Male	20-24	379
Brazil	BRA	South America	South America	1979	Male	25-29	376
Brazil	BRA	South America	South America	1979	Male	30-34	480
Brazil	BRA	South America	South America	1979	Male	35-39	744
Brazil	BRA	South America	South America	1979	Male	40-44	1334
Brazil	BRA	South America	South America	1979	Male	45-49	2162
Brazil	BRA	South America	South America	1979	Male	5-9	302
Brazil	BRA	South America	South America	1979	Male	50-54	3079
Brazil	BRA	South America	South America	1979	Male	55-59	3635
Brazil	BRA	South America	South America	1979	Male	60-64	4107
Brazil	BRA	South America	South America	1979	Male	65-69	4330
Brazil	BRA	South America	South America	1979	Male	70-74	3937
Brazil	BRA	South America	South America	1979	Male	75-79	2815
Brazil	BRA	South America	South America	1979	Male	80-84	1369
Brazil	BRA	South America	South America	1979	Male	85+	752
Brazil	BRA	South America	South America	1980	Female	0-4	378
Brazil	BRA	South America	South America	1980	Female	10-14	223
Brazil	BRA	South America	South America	1980	Female	15-19	272
Brazil	BRA	South America	South America	1980	Female	20-24	314
Brazil	BRA	South America	South America	1980	Female	25-29	374
Brazil	BRA	South America	South America	1980	Female	30-34	661
Brazil	BRA	South America	South America	1980	Female	35-39	1068
Brazil	BRA	South America	South America	1980	Female	40-44	1655
Brazil	BRA	South America	South America	1980	Female	45-49	2084
Brazil	BRA	South America	South America	1980	Female	5-9	243
Brazil	BRA	South America	South America	1980	Female	50-54	2720
Brazil	BRA	South America	South America	1980	Female	55-59	2860
Brazil	BRA	South America	South America	1980	Female	60-64	2998
Brazil	BRA	South America	South America	1980	Female	65-69	3232
Brazil	BRA	South America	South America	1980	Female	70-74	2899
Brazil	BRA	South America	South America	1980	Female	75-79	2460
Brazil	BRA	South America	South America	1980	Female	80-84	1470
Brazil	BRA	South America	South America	1980	Female	85+	1014
Brazil	BRA	South America	South America	1980	Male	0-4	427
Brazil	BRA	South America	South America	1980	Male	10-14	288
Brazil	BRA	South America	South America	1980	Male	15-19	380
Brazil	BRA	South America	South America	1980	Male	20-24	371
Brazil	BRA	South America	South America	1980	Male	25-29	394
Brazil	BRA	South America	South America	1980	Male	30-34	515
Brazil	BRA	South America	South America	1980	Male	35-39	742
Brazil	BRA	South America	South America	1980	Male	40-44	1395
Brazil	BRA	South America	South America	1980	Male	45-49	2176
Brazil	BRA	South America	South America	1980	Male	5-9	338
Brazil	BRA	South America	South America	1980	Male	50-54	3244
Brazil	BRA	South America	South America	1980	Male	55-59	3791
Brazil	BRA	South America	South America	1980	Male	60-64	4187
Brazil	BRA	South America	South America	1980	Male	65-69	4593
Brazil	BRA	South America	South America	1980	Male	70-74	4158
Brazil	BRA	South America	South America	1980	Male	75-79	3056
Brazil	BRA	South America	South America	1980	Male	80-84	1622
Brazil	BRA	South America	South America	1980	Male	85+	893
Brazil	BRA	South America	South America	1981	Female	0-4	423
Brazil	BRA	South America	South America	1981	Female	10-14	216
Brazil	BRA	South America	South America	1981	Female	15-19	282
Brazil	BRA	South America	South America	1981	Female	20-24	322
Brazil	BRA	South America	South America	1981	Female	25-29	434
Brazil	BRA	South America	South America	1981	Female	30-34	701
Brazil	BRA	South America	South America	1981	Female	35-39	1084
Brazil	BRA	South America	South America	1981	Female	40-44	1638
Brazil	BRA	South America	South America	1981	Female	45-49	2137
Brazil	BRA	South America	South America	1981	Female	5-9	217
Brazil	BRA	South America	South America	1981	Female	50-54	2871
Brazil	BRA	South America	South America	1981	Female	55-59	2950
Brazil	BRA	South America	South America	1981	Female	60-64	3043
Brazil	BRA	South America	South America	1981	Female	65-69	3321
Brazil	BRA	South America	South America	1981	Female	70-74	2960
Brazil	BRA	South America	South America	1981	Female	75-79	2508
Brazil	BRA	South America	South America	1981	Female	80-84	1556
Brazil	BRA	South America	South America	1981	Female	85+	1023
Brazil	BRA	South America	South America	1981	Male	0-4	455
Brazil	BRA	South America	South America	1981	Male	10-14	254
Brazil	BRA	South America	South America	1981	Male	15-19	386
Brazil	BRA	South America	South America	1981	Male	20-24	394
Brazil	BRA	South America	South America	1981	Male	25-29	408
Brazil	BRA	South America	South America	1981	Male	30-34	520
Brazil	BRA	South America	South America	1981	Male	35-39	723
Brazil	BRA	South America	South America	1981	Male	40-44	1355
Brazil	BRA	South America	South America	1981	Male	45-49	2268
Brazil	BRA	South America	South America	1981	Male	5-9	360
Brazil	BRA	South America	South America	1981	Male	50-54	3330
Brazil	BRA	South America	South America	1981	Male	55-59	4075
Brazil	BRA	South America	South America	1981	Male	60-64	4385
Brazil	BRA	South America	South America	1981	Male	65-69	4633
Brazil	BRA	South America	South America	1981	Male	70-74	4168
Brazil	BRA	South America	South America	1981	Male	75-79	3230
Brazil	BRA	South America	South America	1981	Male	80-84	1844
Brazil	BRA	South America	South America	1981	Male	85+	957
Brazil	BRA	South America	South America	1982	Female	0-4	396
Brazil	BRA	South America	South America	1982	Female	10-14	214
Brazil	BRA	South America	South America	1982	Female	15-19	269
Brazil	BRA	South America	South America	1982	Female	20-24	306
Brazil	BRA	South America	South America	1982	Female	25-29	454
Brazil	BRA	South America	South America	1982	Female	30-34	681
Brazil	BRA	South America	South America	1982	Female	35-39	1052
Brazil	BRA	South America	South America	1982	Female	40-44	1601
Brazil	BRA	South America	South America	1982	Female	45-49	2150
Brazil	BRA	South America	South America	1982	Female	5-9	239
Brazil	BRA	South America	South America	1982	Female	50-54	2883
Brazil	BRA	South America	South America	1982	Female	55-59	3017
Brazil	BRA	South America	South America	1982	Female	60-64	3198
Brazil	BRA	South America	South America	1982	Female	65-69	3399
Brazil	BRA	South America	South America	1982	Female	70-74	3126
Brazil	BRA	South America	South America	1982	Female	75-79	2735
Brazil	BRA	South America	South America	1982	Female	80-84	1657
Brazil	BRA	South America	South America	1982	Female	85+	1078
Brazil	BRA	South America	South America	1982	Male	0-4	422
Brazil	BRA	South America	South America	1982	Male	10-14	276
Brazil	BRA	South America	South America	1982	Male	15-19	408
Brazil	BRA	South America	South America	1982	Male	20-24	432
Brazil	BRA	South America	South America	1982	Male	25-29	396
Brazil	BRA	South America	South America	1982	Male	30-34	552
Brazil	BRA	South America	South America	1982	Male	35-39	785
Brazil	BRA	South America	South America	1982	Male	40-44	1306
Brazil	BRA	South America	South America	1982	Male	45-49	2275
Brazil	BRA	South America	South America	1982	Male	5-9	336
Brazil	BRA	South America	South America	1982	Male	50-54	3401
Brazil	BRA	South America	South America	1982	Male	55-59	4235
Brazil	BRA	South America	South America	1982	Male	60-64	4465
Brazil	BRA	South America	South America	1982	Male	65-69	4827
Brazil	BRA	South America	South America	1982	Male	70-74	4328
Brazil	BRA	South America	South America	1982	Male	75-79	3429
Brazil	BRA	South America	South America	1982	Male	80-84	1883
Brazil	BRA	South America	South America	1982	Male	85+	1018
Brazil	BRA	South America	South America	1983	Female	0-4	410
Brazil	BRA	South America	South America	1983	Female	10-14	242
Brazil	BRA	South America	South America	1983	Female	15-19	299
Brazil	BRA	South America	South America	1983	Female	20-24	293
Brazil	BRA	South America	South America	1983	Female	25-29	441
Brazil	BRA	South America	South America	1983	Female	30-34	771
Brazil	BRA	South America	South America	1983	Female	35-39	1097
Brazil	BRA	South America	South America	1983	Female	40-44	1621
Brazil	BRA	South America	South America	1983	Female	45-49	2240
Brazil	BRA	South America	South America	1983	Female	5-9	232
Brazil	BRA	South America	South America	1983	Female	50-54	2750
Brazil	BRA	South America	South America	1983	Female	55-59	3274
Brazil	BRA	South America	South America	1983	Female	60-64	3349
Brazil	BRA	South America	South America	1983	Female	65-69	3444
Brazil	BRA	South America	South America	1983	Female	70-74	3292
Brazil	BRA	South America	South America	1983	Female	75-79	2812
Brazil	BRA	South America	South America	1983	Female	80-84	1832
Brazil	BRA	South America	South America	1983	Female	85+	1137
Brazil	BRA	South America	South America	1983	Male	0-4	499
Brazil	BRA	South America	South America	1983	Male	10-14	269
Brazil	BRA	South America	South America	1983	Male	15-19	401
Brazil	BRA	South America	South America	1983	Male	20-24	368
Brazil	BRA	South America	South America	1983	Male	25-29	419
Brazil	BRA	South America	South America	1983	Male	30-34	585
Brazil	BRA	South America	South America	1983	Male	35-39	819
Brazil	BRA	South America	South America	1983	Male	40-44	1426
Brazil	BRA	South America	South America	1983	Male	45-49	2290
Brazil	BRA	South America	South America	1983	Male	5-9	333
Brazil	BRA	South America	South America	1983	Male	50-54	3402
Brazil	BRA	South America	South America	1983	Male	55-59	4463
Brazil	BRA	South America	South America	1983	Male	60-64	4673
Brazil	BRA	South America	South America	1983	Male	65-69	4969
Brazil	BRA	South America	South America	1983	Male	70-74	4753
Brazil	BRA	South America	South America	1983	Male	75-79	3579
Brazil	BRA	South America	South America	1983	Male	80-84	2047
Brazil	BRA	South America	South America	1983	Male	85+	1092
Brazil	BRA	South America	South America	1984	Female	0-4	335
Brazil	BRA	South America	South America	1984	Female	10-14	214
Brazil	BRA	South America	South America	1984	Female	15-19	244
Brazil	BRA	South America	South America	1984	Female	20-24	288
Brazil	BRA	South America	South America	1984	Female	25-29	480
Brazil	BRA	South America	South America	1984	Female	30-34	777
Brazil	BRA	South America	South America	1984	Female	35-39	1178
Brazil	BRA	South America	South America	1984	Female	40-44	1740
Brazil	BRA	South America	South America	1984	Female	45-49	2256
Brazil	BRA	South America	South America	1984	Female	5-9	267
Brazil	BRA	South America	South America	1984	Female	50-54	2892
Brazil	BRA	South America	South America	1984	Female	55-59	3323
Brazil	BRA	South America	South America	1984	Female	60-64	3412
Brazil	BRA	South America	South America	1984	Female	65-69	3490
Brazil	BRA	South America	South America	1984	Female	70-74	3452
Brazil	BRA	South America	South America	1984	Female	75-79	2749
Brazil	BRA	South America	South America	1984	Female	80-84	1914
Brazil	BRA	South America	South America	1984	Female	85+	1174
Brazil	BRA	South America	South America	1984	Male	0-4	495
Brazil	BRA	South America	South America	1984	Male	10-14	295
Brazil	BRA	South America	South America	1984	Male	15-19	397
Brazil	BRA	South America	South America	1984	Male	20-24	448
Brazil	BRA	South America	South America	1984	Male	25-29	465
Brazil	BRA	South America	South America	1984	Male	30-34	576
Brazil	BRA	South America	South America	1984	Male	35-39	874
Brazil	BRA	South America	South America	1984	Male	40-44	1331
Brazil	BRA	South America	South America	1984	Male	45-49	2310
Brazil	BRA	South America	South America	1984	Male	5-9	385
Brazil	BRA	South America	South America	1984	Male	50-54	3433
Brazil	BRA	South America	South America	1984	Male	55-59	4441
Brazil	BRA	South America	South America	1984	Male	60-64	4912
Brazil	BRA	South America	South America	1984	Male	65-69	5075
Brazil	BRA	South America	South America	1984	Male	70-74	4808
Brazil	BRA	South America	South America	1984	Male	75-79	3683
Brazil	BRA	South America	South America	1984	Male	80-84	2272
Brazil	BRA	South America	South America	1984	Male	85+	1164
Brazil	BRA	South America	South America	1985	Female	0-4	352
Brazil	BRA	South America	South America	1985	Female	10-14	205
Brazil	BRA	South America	South America	1985	Female	15-19	247
Brazil	BRA	South America	South America	1985	Female	20-24	295
Brazil	BRA	South America	South America	1985	Female	25-29	461
Brazil	BRA	South America	South America	1985	Female	30-34	831
Brazil	BRA	South America	South America	1985	Female	35-39	1165
Brazil	BRA	South America	South America	1985	Female	40-44	1676
Brazil	BRA	South America	South America	1985	Female	45-49	2403
Brazil	BRA	South America	South America	1985	Female	5-9	262
Brazil	BRA	South America	South America	1985	Female	50-54	2880
Brazil	BRA	South America	South America	1985	Female	55-59	3511
Brazil	BRA	South America	South America	1985	Female	60-64	3527
Brazil	BRA	South America	South America	1985	Female	65-69	3531
Brazil	BRA	South America	South America	1985	Female	70-74	3567
Brazil	BRA	South America	South America	1985	Female	75-79	2917
Brazil	BRA	South America	South America	1985	Female	80-84	2070
Brazil	BRA	South America	South America	1985	Female	85+	1342
Brazil	BRA	South America	South America	1985	Male	0-4	445
Brazil	BRA	South America	South America	1985	Male	10-14	291
Brazil	BRA	South America	South America	1985	Male	15-19	389
Brazil	BRA	South America	South America	1985	Male	20-24	380
Brazil	BRA	South America	South America	1985	Male	25-29	410
Brazil	BRA	South America	South America	1985	Male	30-34	603
Brazil	BRA	South America	South America	1985	Male	35-39	864
Brazil	BRA	South America	South America	1985	Male	40-44	1373
Brazil	BRA	South America	South America	1985	Male	45-49	2336
Brazil	BRA	South America	South America	1985	Male	5-9	354
Brazil	BRA	South America	South America	1985	Male	50-54	3581
Brazil	BRA	South America	South America	1985	Male	55-59	4598
Brazil	BRA	South America	South America	1985	Male	60-64	5147
Brazil	BRA	South America	South America	1985	Male	65-69	4978
Brazil	BRA	South America	South America	1985	Male	70-74	5067
Brazil	BRA	South America	South America	1985	Male	75-79	3870
Brazil	BRA	South America	South America	1985	Male	80-84	2291
Brazil	BRA	South America	South America	1985	Male	85+	1278
Brazil	BRA	South America	South America	1986	Female	0-4	407
Brazil	BRA	South America	South America	1986	Female	10-14	241
Brazil	BRA	South America	South America	1986	Female	15-19	269
Brazil	BRA	South America	South America	1986	Female	20-24	325
Brazil	BRA	South America	South America	1986	Female	25-29	505
Brazil	BRA	South America	South America	1986	Female	30-34	841
Brazil	BRA	South America	South America	1986	Female	35-39	1301
Brazil	BRA	South America	South America	1986	Female	40-44	1703
Brazil	BRA	South America	South America	1986	Female	45-49	2347
Brazil	BRA	South America	South America	1986	Female	5-9	268
Brazil	BRA	South America	South America	1986	Female	50-54	2965
Brazil	BRA	South America	South America	1986	Female	55-59	3597
Brazil	BRA	South America	South America	1986	Female	60-64	3733
Brazil	BRA	South America	South America	1986	Female	65-69	3793
Brazil	BRA	South America	South America	1986	Female	70-74	3713
Brazil	BRA	South America	South America	1986	Female	75-79	3010
Brazil	BRA	South America	South America	1986	Female	80-84	2234
Brazil	BRA	South America	South America	1986	Female	85+	1543
Brazil	BRA	South America	South America	1986	Male	0-4	460
Brazil	BRA	South America	South America	1986	Male	10-14	288
Brazil	BRA	South America	South America	1986	Male	15-19	369
Brazil	BRA	South America	South America	1986	Male	20-24	406
Brazil	BRA	South America	South America	1986	Male	25-29	481
Brazil	BRA	South America	South America	1986	Male	30-34	626
Brazil	BRA	South America	South America	1986	Male	35-39	915
Brazil	BRA	South America	South America	1986	Male	40-44	1420
Brazil	BRA	South America	South America	1986	Male	45-49	2280
Brazil	BRA	South America	South America	1986	Male	5-9	387
Brazil	BRA	South America	South America	1986	Male	50-54	3538
Brazil	BRA	South America	South America	1986	Male	55-59	4871
Brazil	BRA	South America	South America	1986	Male	60-64	5253
Brazil	BRA	South America	South America	1986	Male	65-69	5179
Brazil	BRA	South America	South America	1986	Male	70-74	5110
Brazil	BRA	South America	South America	1986	Male	75-79	4126
Brazil	BRA	South America	South America	1986	Male	80-84	2497
Brazil	BRA	South America	South America	1986	Male	85+	1308
Brazil	BRA	South America	South America	1987	Female	0-4	326
Brazil	BRA	South America	South America	1987	Female	10-14	234
Brazil	BRA	South America	South America	1987	Female	15-19	284
Brazil	BRA	South America	South America	1987	Female	20-24	319
Brazil	BRA	South America	South America	1987	Female	25-29	536
Brazil	BRA	South America	South America	1987	Female	30-34	867
Brazil	BRA	South America	South America	1987	Female	35-39	1342
Brazil	BRA	South America	South America	1987	Female	40-44	1845
Brazil	BRA	South America	South America	1987	Female	45-49	2419
Brazil	BRA	South America	South America	1987	Female	5-9	257
Brazil	BRA	South America	South America	1987	Female	50-54	3024
Brazil	BRA	South America	South America	1987	Female	55-59	3685
Brazil	BRA	South America	South America	1987	Female	60-64	3954
Brazil	BRA	South America	South America	1987	Female	65-69	3887
Brazil	BRA	South America	South America	1987	Female	70-74	3870
Brazil	BRA	South America	South America	1987	Female	75-79	3222
Brazil	BRA	South America	South America	1987	Female	80-84	2227
Brazil	BRA	South America	South America	1987	Female	85+	1568
Brazil	BRA	South America	South America	1987	Male	0-4	445
Brazil	BRA	South America	South America	1987	Male	10-14	315
Brazil	BRA	South America	South America	1987	Male	15-19	395
Brazil	BRA	South America	South America	1987	Male	20-24	418
Brazil	BRA	South America	South America	1987	Male	25-29	482
Brazil	BRA	South America	South America	1987	Male	30-34	615
Brazil	BRA	South America	South America	1987	Male	35-39	896
Brazil	BRA	South America	South America	1987	Male	40-44	1473
Brazil	BRA	South America	South America	1987	Male	45-49	2488
Brazil	BRA	South America	South America	1987	Male	5-9	347
Brazil	BRA	South America	South America	1987	Male	50-54	3695
Brazil	BRA	South America	South America	1987	Male	55-59	4903
Brazil	BRA	South America	South America	1987	Male	60-64	5576
Brazil	BRA	South America	South America	1987	Male	65-69	5455
Brazil	BRA	South America	South America	1987	Male	70-74	5099
Brazil	BRA	South America	South America	1987	Male	75-79	4179
Brazil	BRA	South America	South America	1987	Male	80-84	2618
Brazil	BRA	South America	South America	1987	Male	85+	1464
Brazil	BRA	South America	South America	1988	Female	0-4	312
Brazil	BRA	South America	South America	1988	Female	10-14	212
Brazil	BRA	South America	South America	1988	Female	15-19	270
Brazil	BRA	South America	South America	1988	Female	20-24	287
Brazil	BRA	South America	South America	1988	Female	25-29	527
Brazil	BRA	South America	South America	1988	Female	30-34	893
Brazil	BRA	South America	South America	1988	Female	35-39	1377
Brazil	BRA	South America	South America	1988	Female	40-44	1914
Brazil	BRA	South America	South America	1988	Female	45-49	2460
Brazil	BRA	South America	South America	1988	Female	5-9	272
Brazil	BRA	South America	South America	1988	Female	50-54	3144
Brazil	BRA	South America	South America	1988	Female	55-59	3756
Brazil	BRA	South America	South America	1988	Female	60-64	4089
Brazil	BRA	South America	South America	1988	Female	65-69	4074
Brazil	BRA	South America	South America	1988	Female	70-74	3838
Brazil	BRA	South America	South America	1988	Female	75-79	3378
Brazil	BRA	South America	South America	1988	Female	80-84	2455
Brazil	BRA	South America	South America	1988	Female	85+	1695
Brazil	BRA	South America	South America	1988	Male	0-4	417
Brazil	BRA	South America	South America	1988	Male	10-14	247
Brazil	BRA	South America	South America	1988	Male	15-19	381
Brazil	BRA	South America	South America	1988	Male	20-24	394
Brazil	BRA	South America	South America	1988	Male	25-29	488
Brazil	BRA	South America	South America	1988	Male	30-34	664
Brazil	BRA	South America	South America	1988	Male	35-39	902
Brazil	BRA	South America	South America	1988	Male	40-44	1536
Brazil	BRA	South America	South America	1988	Male	45-49	2421
Brazil	BRA	South America	South America	1988	Male	5-9	299
Brazil	BRA	South America	South America	1988	Male	50-54	3661
Brazil	BRA	South America	South America	1988	Male	55-59	4957
Brazil	BRA	South America	South America	1988	Male	60-64	5925
Brazil	BRA	South America	South America	1988	Male	65-69	5700
Brazil	BRA	South America	South America	1988	Male	70-74	5390
Brazil	BRA	South America	South America	1988	Male	75-79	4419
Brazil	BRA	South America	South America	1988	Male	80-84	2765
Brazil	BRA	South America	South America	1988	Male	85+	1510
Brazil	BRA	South America	South America	1989	Female	0-4	325
Brazil	BRA	South America	South America	1989	Female	10-14	192
Brazil	BRA	South America	South America	1989	Female	15-19	265
Brazil	BRA	South America	South America	1989	Female	20-24	306
Brazil	BRA	South America	South America	1989	Female	25-29	499
Brazil	BRA	South America	South America	1989	Female	30-34	866
Brazil	BRA	South America	South America	1989	Female	35-39	1371
Brazil	BRA	South America	South America	1989	Female	40-44	1862
Brazil	BRA	South America	South America	1989	Female	45-49	2610
Brazil	BRA	South America	South America	1989	Female	5-9	217
Brazil	BRA	South America	South America	1989	Female	50-54	3200
Brazil	BRA	South America	South America	1989	Female	55-59	3734
Brazil	BRA	South America	South America	1989	Female	60-64	4353
Brazil	BRA	South America	South America	1989	Female	65-69	4152
Brazil	BRA	South America	South America	1989	Female	70-74	3950
Brazil	BRA	South America	South America	1989	Female	75-79	3465
Brazil	BRA	South America	South America	1989	Female	80-84	2443
Brazil	BRA	South America	South America	1989	Female	85+	1825
Brazil	BRA	South America	South America	1989	Male	0-4	403
Brazil	BRA	South America	South America	1989	Male	10-14	269
Brazil	BRA	South America	South America	1989	Male	15-19	382
Brazil	BRA	South America	South America	1989	Male	20-24	366
Brazil	BRA	South America	South America	1989	Male	25-29	471
Brazil	BRA	South America	South America	1989	Male	30-34	646
Brazil	BRA	South America	South America	1989	Male	35-39	897
Brazil	BRA	South America	South America	1989	Male	40-44	1469
Brazil	BRA	South America	South America	1989	Male	45-49	2344
Brazil	BRA	South America	South America	1989	Male	5-9	340
Brazil	BRA	South America	South America	1989	Male	50-54	3788
Brazil	BRA	South America	South America	1989	Male	55-59	4931
Brazil	BRA	South America	South America	1989	Male	60-64	5824
Brazil	BRA	South America	South America	1989	Male	65-69	6016
Brazil	BRA	South America	South America	1989	Male	70-74	5367
Brazil	BRA	South America	South America	1989	Male	75-79	4570
Brazil	BRA	South America	South America	1989	Male	80-84	2843
Brazil	BRA	South America	South America	1989	Male	85+	1641
Brazil	BRA	South America	South America	1990	Female	0-4	310
Brazil	BRA	South America	South America	1990	Female	10-14	211
Brazil	BRA	South America	South America	1990	Female	15-19	274
Brazil	BRA	South America	South America	1990	Female	20-24	294
Brazil	BRA	South America	South America	1990	Female	25-29	541
Brazil	BRA	South America	South America	1990	Female	30-34	921
Brazil	BRA	South America	South America	1990	Female	35-39	1403
Brazil	BRA	South America	South America	1990	Female	40-44	1972
Brazil	BRA	South America	South America	1990	Female	45-49	2505
Brazil	BRA	South America	South America	1990	Female	5-9	221
Brazil	BRA	South America	South America	1990	Female	50-54	3310
Brazil	BRA	South America	South America	1990	Female	55-59	3895
Brazil	BRA	South America	South America	1990	Female	60-64	4446
Brazil	BRA	South America	South America	1990	Female	65-69	4347
Brazil	BRA	South America	South America	1990	Female	70-74	4144
Brazil	BRA	South America	South America	1990	Female	75-79	3643
Brazil	BRA	South America	South America	1990	Female	80-84	2548
Brazil	BRA	South America	South America	1990	Female	85+	1874
Brazil	BRA	South America	South America	1990	Male	0-4	330
Brazil	BRA	South America	South America	1990	Male	10-14	292
Brazil	BRA	South America	South America	1990	Male	15-19	367
Brazil	BRA	South America	South America	1990	Male	20-24	412
Brazil	BRA	South America	South America	1990	Male	25-29	480
Brazil	BRA	South America	South America	1990	Male	30-34	638
Brazil	BRA	South America	South America	1990	Male	35-39	959
Brazil	BRA	South America	South America	1990	Male	40-44	1502
Brazil	BRA	South America	South America	1990	Male	45-49	2391
Brazil	BRA	South America	South America	1990	Male	5-9	349
Brazil	BRA	South America	South America	1990	Male	50-54	3814
Brazil	BRA	South America	South America	1990	Male	55-59	4983
Brazil	BRA	South America	South America	1990	Male	60-64	6020
Brazil	BRA	South America	South America	1990	Male	65-69	6214
Brazil	BRA	South America	South America	1990	Male	70-74	5573
Brazil	BRA	South America	South America	1990	Male	75-79	4679
Brazil	BRA	South America	South America	1990	Male	80-84	2905
Brazil	BRA	South America	South America	1990	Male	85+	1766
Brazil	BRA	South America	South America	1991	Female	0-4	314
Brazil	BRA	South America	South America	1991	Female	10-14	218
Brazil	BRA	South America	South America	1991	Female	15-19	268
Brazil	BRA	South America	South America	1991	Female	20-24	311
Brazil	BRA	South America	South America	1991	Female	25-29	530
Brazil	BRA	South America	South America	1991	Female	30-34	873
Brazil	BRA	South America	South America	1991	Female	35-39	1484
Brazil	BRA	South America	South America	1991	Female	40-44	2088
Brazil	BRA	South America	South America	1991	Female	45-49	2588
Brazil	BRA	South America	South America	1991	Female	5-9	249
Brazil	BRA	South America	South America	1991	Female	50-54	3349
Brazil	BRA	South America	South America	1991	Female	55-59	3925
Brazil	BRA	South America	South America	1991	Female	60-64	4653
Brazil	BRA	South America	South America	1991	Female	65-69	4509
Brazil	BRA	South America	South America	1991	Female	70-74	4223
Brazil	BRA	South America	South America	1991	Female	75-79	3879
Brazil	BRA	South America	South America	1991	Female	80-84	2667
Brazil	BRA	South America	South America	1991	Female	85+	2044
Brazil	BRA	South America	South America	1991	Male	0-4	378
Brazil	BRA	South America	South America	1991	Male	10-14	294
Brazil	BRA	South America	South America	1991	Male	15-19	378
Brazil	BRA	South America	South America	1991	Male	20-24	429
Brazil	BRA	South America	South America	1991	Male	25-29	450
Brazil	BRA	South America	South America	1991	Male	30-34	677
Brazil	BRA	South America	South America	1991	Male	35-39	976
Brazil	BRA	South America	South America	1991	Male	40-44	1537
Brazil	BRA	South America	South America	1991	Male	45-49	2413
Brazil	BRA	South America	South America	1991	Male	5-9	324
Brazil	BRA	South America	South America	1991	Male	50-54	3756
Brazil	BRA	South America	South America	1991	Male	55-59	4848
Brazil	BRA	South America	South America	1991	Male	60-64	6348
Brazil	BRA	South America	South America	1991	Male	65-69	6621
Brazil	BRA	South America	South America	1991	Male	70-74	5844
Brazil	BRA	South America	South America	1991	Male	75-79	4869
Brazil	BRA	South America	South America	1991	Male	80-84	2971
Brazil	BRA	South America	South America	1991	Male	85+	1923
Brazil	BRA	South America	South America	1992	Female	0-4	308
Brazil	BRA	South America	South America	1992	Female	10-14	237
Brazil	BRA	South America	South America	1992	Female	15-19	249
Brazil	BRA	South America	South America	1992	Female	20-24	327
Brazil	BRA	South America	South America	1992	Female	25-29	542
Brazil	BRA	South America	South America	1992	Female	30-34	941
Brazil	BRA	South America	South America	1992	Female	35-39	1523
Brazil	BRA	South America	South America	1992	Female	40-44	2140
Brazil	BRA	South America	South America	1992	Female	45-49	2769
Brazil	BRA	South America	South America	1992	Female	5-9	214
Brazil	BRA	South America	South America	1992	Female	50-54	3523
Brazil	BRA	South America	South America	1992	Female	55-59	3995
Brazil	BRA	South America	South America	1992	Female	60-64	4730
Brazil	BRA	South America	South America	1992	Female	65-69	4870
Brazil	BRA	South America	South America	1992	Female	70-74	4593
Brazil	BRA	South America	South America	1992	Female	75-79	4026
Brazil	BRA	South America	South America	1992	Female	80-84	2850
Brazil	BRA	South America	South America	1992	Female	85+	2157
Brazil	BRA	South America	South America	1992	Male	0-4	337
Brazil	BRA	South America	South America	1992	Male	10-14	285
Brazil	BRA	South America	South America	1992	Male	15-19	375
Brazil	BRA	South America	South America	1992	Male	20-24	401
Brazil	BRA	South America	South America	1992	Male	25-29	495
Brazil	BRA	South America	South America	1992	Male	30-34	649
Brazil	BRA	South America	South America	1992	Male	35-39	1024
Brazil	BRA	South America	South America	1992	Male	40-44	1691
Brazil	BRA	South America	South America	1992	Male	45-49	2614
Brazil	BRA	South America	South America	1992	Male	5-9	307
Brazil	BRA	South America	South America	1992	Male	50-54	3839
Brazil	BRA	South America	South America	1992	Male	55-59	5168
Brazil	BRA	South America	South America	1992	Male	60-64	6625
Brazil	BRA	South America	South America	1992	Male	65-69	7010
Brazil	BRA	South America	South America	1992	Male	70-74	6226
Brazil	BRA	South America	South America	1992	Male	75-79	5119
Brazil	BRA	South America	South America	1992	Male	80-84	3228
Brazil	BRA	South America	South America	1992	Male	85+	1970
Brazil	BRA	South America	South America	1993	Female	0-4	301
Brazil	BRA	South America	South America	1993	Female	10-14	242
Brazil	BRA	South America	South America	1993	Female	15-19	270
Brazil	BRA	South America	South America	1993	Female	20-24	353
Brazil	BRA	South America	South America	1993	Female	25-29	528
Brazil	BRA	South America	South America	1993	Female	30-34	897
Brazil	BRA	South America	South America	1993	Female	35-39	1570
Brazil	BRA	South America	South America	1993	Female	40-44	2198
Brazil	BRA	South America	South America	1993	Female	45-49	2877
Brazil	BRA	South America	South America	1993	Female	5-9	218
Brazil	BRA	South America	South America	1993	Female	50-54	3560
Brazil	BRA	South America	South America	1993	Female	55-59	4134
Brazil	BRA	South America	South America	1993	Female	60-64	4767
Brazil	BRA	South America	South America	1993	Female	65-69	4961
Brazil	BRA	South America	South America	1993	Female	70-74	4632
Brazil	BRA	South America	South America	1993	Female	75-79	4086
Brazil	BRA	South America	South America	1993	Female	80-84	3070
Brazil	BRA	South America	South America	1993	Female	85+	2408
Brazil	BRA	South America	South America	1993	Male	0-4	366
Brazil	BRA	South America	South America	1993	Male	10-14	286
Brazil	BRA	South America	South America	1993	Male	15-19	405
Brazil	BRA	South America	South America	1993	Male	20-24	426
Brazil	BRA	South America	South America	1993	Male	25-29	508
Brazil	BRA	South America	South America	1993	Male	30-34	707
Brazil	BRA	South America	South America	1993	Male	35-39	1052
Brazil	BRA	South America	South America	1993	Male	40-44	1775
Brazil	BRA	South America	South America	1993	Male	45-49	2668
Brazil	BRA	South America	South America	1993	Male	5-9	330
Brazil	BRA	South America	South America	1993	Male	50-54	3949
Brazil	BRA	South America	South America	1993	Male	55-59	5366
Brazil	BRA	South America	South America	1993	Male	60-64	6606
Brazil	BRA	South America	South America	1993	Male	65-69	7227
Brazil	BRA	South America	South America	1993	Male	70-74	6470
Brazil	BRA	South America	South America	1993	Male	75-79	5269
Brazil	BRA	South America	South America	1993	Male	80-84	3379
Brazil	BRA	South America	South America	1993	Male	85+	2215
Brazil	BRA	South America	South America	1994	Female	0-4	333
Brazil	BRA	South America	South America	1994	Female	10-14	262
Brazil	BRA	South America	South America	1994	Female	15-19	306
Brazil	BRA	South America	South America	1994	Female	20-24	322
Brazil	BRA	South America	South America	1994	Female	25-29	538
Brazil	BRA	South America	South America	1994	Female	30-34	1001
Brazil	BRA	South America	South America	1994	Female	35-39	1627
Brazil	BRA	South America	South America	1994	Female	40-44	2377
Brazil	BRA	South America	South America	1994	Female	45-49	3041
Brazil	BRA	South America	South America	1994	Female	5-9	251
Brazil	BRA	South America	South America	1994	Female	50-54	3595
Brazil	BRA	South America	South America	1994	Female	55-59	4339
Brazil	BRA	South America	South America	1994	Female	60-64	4972
Brazil	BRA	South America	South America	1994	Female	65-69	5293
Brazil	BRA	South America	South America	1994	Female	70-74	4817
Brazil	BRA	South America	South America	1994	Female	75-79	4215
Brazil	BRA	South America	South America	1994	Female	80-84	3234
Brazil	BRA	South America	South America	1994	Female	85+	2532
Brazil	BRA	South America	South America	1994	Male	0-4	341
Brazil	BRA	South America	South America	1994	Male	10-14	304
Brazil	BRA	South America	South America	1994	Male	15-19	422
Brazil	BRA	South America	South America	1994	Male	20-24	449
Brazil	BRA	South America	South America	1994	Male	25-29	482
Brazil	BRA	South America	South America	1994	Male	30-34	679
Brazil	BRA	South America	South America	1994	Male	35-39	1050
Brazil	BRA	South America	South America	1994	Male	40-44	1812
Brazil	BRA	South America	South America	1994	Male	45-49	2780
Brazil	BRA	South America	South America	1994	Male	5-9	338
Brazil	BRA	South America	South America	1994	Male	50-54	4062
Brazil	BRA	South America	South America	1994	Male	55-59	5572
Brazil	BRA	South America	South America	1994	Male	60-64	6598
Brazil	BRA	South America	South America	1994	Male	65-69	7375
Brazil	BRA	South America	South America	1994	Male	70-74	6749
Brazil	BRA	South America	South America	1994	Male	75-79	5342
Brazil	BRA	South America	South America	1994	Male	80-84	3679
Brazil	BRA	South America	South America	1994	Male	85+	2339
Brazil	BRA	South America	South America	1995	Female	0-4	304
Brazil	BRA	South America	South America	1995	Female	10-14	232
Brazil	BRA	South America	South America	1995	Female	15-19	300
Brazil	BRA	South America	South America	1995	Female	20-24	321
Brazil	BRA	South America	South America	1995	Female	25-29	551
Brazil	BRA	South America	South America	1995	Female	30-34	950
Brazil	BRA	South America	South America	1995	Female	35-39	1585
Brazil	BRA	South America	South America	1995	Female	40-44	2397
Brazil	BRA	South America	South America	1995	Female	45-49	3075
Brazil	BRA	South America	South America	1995	Female	5-9	240
Brazil	BRA	South America	South America	1995	Female	50-54	3636
Brazil	BRA	South America	South America	1995	Female	55-59	4482
Brazil	BRA	South America	South America	1995	Female	60-64	4988
Brazil	BRA	South America	South America	1995	Female	65-69	5698
Brazil	BRA	South America	South America	1995	Female	70-74	5038
Brazil	BRA	South America	South America	1995	Female	75-79	4361
Brazil	BRA	South America	South America	1995	Female	80-84	3361
Brazil	BRA	South America	South America	1995	Female	85+	2691
Brazil	BRA	South America	South America	1995	Male	0-4	348
Brazil	BRA	South America	South America	1995	Male	10-14	292
Brazil	BRA	South America	South America	1995	Male	15-19	414
Brazil	BRA	South America	South America	1995	Male	20-24	450
Brazil	BRA	South America	South America	1995	Male	25-29	499
Brazil	BRA	South America	South America	1995	Male	30-34	704
Brazil	BRA	South America	South America	1995	Male	35-39	1116
Brazil	BRA	South America	South America	1995	Male	40-44	1895
Brazil	BRA	South America	South America	1995	Male	45-49	2815
Brazil	BRA	South America	South America	1995	Male	5-9	339
Brazil	BRA	South America	South America	1995	Male	50-54	3916
Brazil	BRA	South America	South America	1995	Male	55-59	5540
Brazil	BRA	South America	South America	1995	Male	60-64	6845
Brazil	BRA	South America	South America	1995	Male	65-69	7643
Brazil	BRA	South America	South America	1995	Male	70-74	7098
Brazil	BRA	South America	South America	1995	Male	75-79	5449
Brazil	BRA	South America	South America	1995	Male	80-84	3878
Brazil	BRA	South America	South America	1995	Male	85+	2443
Brazil	BRA	South America	South America	1996	Female	0-4	310
Brazil	BRA	South America	South America	1996	Female	10-14	267
Brazil	BRA	South America	South America	1996	Female	15-19	315
Brazil	BRA	South America	South America	1996	Female	20-24	391
Brazil	BRA	South America	South America	1996	Female	25-29	535
Brazil	BRA	South America	South America	1996	Female	30-34	1079
Brazil	BRA	South America	South America	1996	Female	35-39	1768
Brazil	BRA	South America	South America	1996	Female	40-44	2600
Brazil	BRA	South America	South America	1996	Female	45-49	3288
Brazil	BRA	South America	South America	1996	Female	5-9	244
Brazil	BRA	South America	South America	1996	Female	50-54	3782
Brazil	BRA	South America	South America	1996	Female	55-59	4547
Brazil	BRA	South America	South America	1996	Female	60-64	5144
Brazil	BRA	South America	South America	1996	Female	65-69	5831
Brazil	BRA	South America	South America	1996	Female	70-74	5273
Brazil	BRA	South America	South America	1996	Female	75-79	4529
Brazil	BRA	South America	South America	1996	Female	80-84	3639
Brazil	BRA	South America	South America	1996	Female	85+	3003
Brazil	BRA	South America	South America	1996	Male	0-4	369
Brazil	BRA	South America	South America	1996	Male	10-14	335
Brazil	BRA	South America	South America	1996	Male	15-19	487
Brazil	BRA	South America	South America	1996	Male	20-24	451
Brazil	BRA	South America	South America	1996	Male	25-29	577
Brazil	BRA	South America	South America	1996	Male	30-34	813
Brazil	BRA	South America	South America	1996	Male	35-39	1201
Brazil	BRA	South America	South America	1996	Male	40-44	2045
Brazil	BRA	South America	South America	1996	Male	45-49	3214
Brazil	BRA	South America	South America	1996	Male	5-9	326
Brazil	BRA	South America	South America	1996	Male	50-54	4198
Brazil	BRA	South America	South America	1996	Male	55-59	5747
Brazil	BRA	South America	South America	1996	Male	60-64	7102
Brazil	BRA	South America	South America	1996	Male	65-69	8104
Brazil	BRA	South America	South America	1996	Male	70-74	7563
Brazil	BRA	South America	South America	1996	Male	75-79	5911
Brazil	BRA	South America	South America	1996	Male	80-84	4031
Brazil	BRA	South America	South America	1996	Male	85+	2748
Brazil	BRA	South America	South America	1997	Female	0-4	337
Brazil	BRA	South America	South America	1997	Female	10-14	246
Brazil	BRA	South America	South America	1997	Female	15-19	349
Brazil	BRA	South America	South America	1997	Female	20-24	382
Brazil	BRA	South America	South America	1997	Female	25-29	575
Brazil	BRA	South America	South America	1997	Female	30-34	1054
Brazil	BRA	South America	South America	1997	Female	35-39	1784
Brazil	BRA	South America	South America	1997	Female	40-44	2699
Brazil	BRA	South America	South America	1997	Female	45-49	3459
Brazil	BRA	South America	South America	1997	Female	5-9	269
Brazil	BRA	South America	South America	1997	Female	50-54	4090
Brazil	BRA	South America	South America	1997	Female	55-59	4652
Brazil	BRA	South America	South America	1997	Female	60-64	5418
Brazil	BRA	South America	South America	1997	Female	65-69	5850
Brazil	BRA	South America	South America	1997	Female	70-74	5565
Brazil	BRA	South America	South America	1997	Female	75-79	4873
Brazil	BRA	South America	South America	1997	Female	80-84	3720
Brazil	BRA	South America	South America	1997	Female	85+	3067
Brazil	BRA	South America	South America	1997	Male	0-4	381
Brazil	BRA	South America	South America	1997	Male	10-14	373
Brazil	BRA	South America	South America	1997	Male	15-19	505
Brazil	BRA	South America	South America	1997	Male	20-24	516
Brazil	BRA	South America	South America	1997	Male	25-29	584
Brazil	BRA	South America	South America	1997	Male	30-34	820
Brazil	BRA	South America	South America	1997	Male	35-39	1265
Brazil	BRA	South America	South America	1997	Male	40-44	2168
Brazil	BRA	South America	South America	1997	Male	45-49	3240
Brazil	BRA	South America	South America	1997	Male	5-9	360
Brazil	BRA	South America	South America	1997	Male	50-54	4422
Brazil	BRA	South America	South America	1997	Male	55-59	5767
Brazil	BRA	South America	South America	1997	Male	60-64	7262
Brazil	BRA	South America	South America	1997	Male	65-69	8265
Brazil	BRA	South America	South America	1997	Male	70-74	8072
Brazil	BRA	South America	South America	1997	Male	75-79	6214
Brazil	BRA	South America	South America	1997	Male	80-84	4193
Brazil	BRA	South America	South America	1997	Male	85+	3085
Brazil	BRA	South America	South America	1998	Female	0-4	384
Brazil	BRA	South America	South America	1998	Female	10-14	269
Brazil	BRA	South America	South America	1998	Female	15-19	344
Brazil	BRA	South America	South America	1998	Female	20-24	385
Brazil	BRA	South America	South America	1998	Female	25-29	586
Brazil	BRA	South America	South America	1998	Female	30-34	1126
Brazil	BRA	South America	South America	1998	Female	35-39	1806
Brazil	BRA	South America	South America	1998	Female	40-44	2794
Brazil	BRA	South America	South America	1998	Female	45-49	3667
Brazil	BRA	South America	South America	1998	Female	5-9	272
Brazil	BRA	South America	South America	1998	Female	50-54	4289
Brazil	BRA	South America	South America	1998	Female	55-59	4899
Brazil	BRA	South America	South America	1998	Female	60-64	5387
Brazil	BRA	South America	South America	1998	Female	65-69	5922
Brazil	BRA	South America	South America	1998	Female	70-74	5982
Brazil	BRA	South America	South America	1998	Female	75-79	4882
Brazil	BRA	South America	South America	1998	Female	80-84	3787
Brazil	BRA	South America	South America	1998	Female	85+	3299
Brazil	BRA	South America	South America	1998	Male	0-4	416
Brazil	BRA	South America	South America	1998	Male	10-14	373
Brazil	BRA	South America	South America	1998	Male	15-19	547
Brazil	BRA	South America	South America	1998	Male	20-24	517
Brazil	BRA	South America	South America	1998	Male	25-29	615
Brazil	BRA	South America	South America	1998	Male	30-34	818
Brazil	BRA	South America	South America	1998	Male	35-39	1301
Brazil	BRA	South America	South America	1998	Male	40-44	2181
Brazil	BRA	South America	South America	1998	Male	45-49	3454
Brazil	BRA	South America	South America	1998	Male	5-9	366
Brazil	BRA	South America	South America	1998	Male	50-54	4593
Brazil	BRA	South America	South America	1998	Male	55-59	6035
Brazil	BRA	South America	South America	1998	Male	60-64	7526
Brazil	BRA	South America	South America	1998	Male	65-69	8290
Brazil	BRA	South America	South America	1998	Male	70-74	8218
Brazil	BRA	South America	South America	1998	Male	75-79	6681
Brazil	BRA	South America	South America	1998	Male	80-84	4401
Brazil	BRA	South America	South America	1998	Male	85+	3274
Brazil	BRA	South America	South America	1999	Female	0-4	349
Brazil	BRA	South America	South America	1999	Female	10-14	285
Brazil	BRA	South America	South America	1999	Female	15-19	358
Brazil	BRA	South America	South America	1999	Female	20-24	420
Brazil	BRA	South America	South America	1999	Female	25-29	658
Brazil	BRA	South America	South America	1999	Female	30-34	1183
Brazil	BRA	South America	South America	1999	Female	35-39	1908
Brazil	BRA	South America	South America	1999	Female	40-44	2869
Brazil	BRA	South America	South America	1999	Female	45-49	3779
Brazil	BRA	South America	South America	1999	Female	5-9	266
Brazil	BRA	South America	South America	1999	Female	50-54	4557
Brazil	BRA	South America	South America	1999	Female	55-59	4865
Brazil	BRA	South America	South America	1999	Female	60-64	5772
Brazil	BRA	South America	South America	1999	Female	65-69	6070
Brazil	BRA	South America	South America	1999	Female	70-74	6284
Brazil	BRA	South America	South America	1999	Female	75-79	5224
Brazil	BRA	South America	South America	1999	Female	80-84	4035
Brazil	BRA	South America	South America	1999	Female	85+	3635
Brazil	BRA	South America	South America	1999	Male	0-4	413
Brazil	BRA	South America	South America	1999	Male	10-14	320
Brazil	BRA	South America	South America	1999	Male	15-19	502
Brazil	BRA	South America	South America	1999	Male	20-24	488
Brazil	BRA	South America	South America	1999	Male	25-29	569
Brazil	BRA	South America	South America	1999	Male	30-34	818
Brazil	BRA	South America	South America	1999	Male	35-39	1359
Brazil	BRA	South America	South America	1999	Male	40-44	2284
Brazil	BRA	South America	South America	1999	Male	45-49	3481
Brazil	BRA	South America	South America	1999	Male	5-9	354
Brazil	BRA	South America	South America	1999	Male	50-54	4958
Brazil	BRA	South America	South America	1999	Male	55-59	6196
Brazil	BRA	South America	South America	1999	Male	60-64	7655
Brazil	BRA	South America	South America	1999	Male	65-69	8584
Brazil	BRA	South America	South America	1999	Male	70-74	8772
Brazil	BRA	South America	South America	1999	Male	75-79	6917
Brazil	BRA	South America	South America	1999	Male	80-84	4669
Brazil	BRA	South America	South America	1999	Male	85+	3443
Brazil	BRA	South America	South America	2000	Female	0-4	378
Brazil	BRA	South America	South America	2000	Female	10-14	287
Brazil	BRA	South America	South America	2000	Female	15-19	354
Brazil	BRA	South America	South America	2000	Female	20-24	417
Brazil	BRA	South America	South America	2000	Female	25-29	632
Brazil	BRA	South America	South America	2000	Female	30-34	1059
Brazil	BRA	South America	South America	2000	Female	35-39	1940
Brazil	BRA	South America	South America	2000	Female	40-44	2950
Brazil	BRA	South America	South America	2000	Female	45-49	3848
Brazil	BRA	South America	South America	2000	Female	5-9	256
Brazil	BRA	South America	South America	2000	Female	50-54	4598
Brazil	BRA	South America	South America	2000	Female	55-59	5118
Brazil	BRA	South America	South America	2000	Female	60-64	6049
Brazil	BRA	South America	South America	2000	Female	65-69	6399
Brazil	BRA	South America	South America	2000	Female	70-74	6682
Brazil	BRA	South America	South America	2000	Female	75-79	5660
Brazil	BRA	South America	South America	2000	Female	80-84	4131
Brazil	BRA	South America	South America	2000	Female	85+	3992
Brazil	BRA	South America	South America	2000	Male	0-4	394
Brazil	BRA	South America	South America	2000	Male	10-14	342
Brazil	BRA	South America	South America	2000	Male	15-19	570
Brazil	BRA	South America	South America	2000	Male	20-24	585
Brazil	BRA	South America	South America	2000	Male	25-29	560
Brazil	BRA	South America	South America	2000	Male	30-34	788
Brazil	BRA	South America	South America	2000	Male	35-39	1302
Brazil	BRA	South America	South America	2000	Male	40-44	2319
Brazil	BRA	South America	South America	2000	Male	45-49	3742
Brazil	BRA	South America	South America	2000	Male	5-9	375
Brazil	BRA	South America	South America	2000	Male	50-54	5081
Brazil	BRA	South America	South America	2000	Male	55-59	6224
Brazil	BRA	South America	South America	2000	Male	60-64	8081
Brazil	BRA	South America	South America	2000	Male	65-69	8753
Brazil	BRA	South America	South America	2000	Male	70-74	9111
Brazil	BRA	South America	South America	2000	Male	75-79	7508
Brazil	BRA	South America	South America	2000	Male	80-84	4916
Brazil	BRA	South America	South America	2000	Male	85+	3934
Brazil	BRA	South America	South America	2001	Female	0-4	365
Brazil	BRA	South America	South America	2001	Female	10-14	269
Brazil	BRA	South America	South America	2001	Female	15-19	377
Brazil	BRA	South America	South America	2001	Female	20-24	444
Brazil	BRA	South America	South America	2001	Female	25-29	652
Brazil	BRA	South America	South America	2001	Female	30-34	1160
Brazil	BRA	South America	South America	2001	Female	35-39	1923
Brazil	BRA	South America	South America	2001	Female	40-44	3035
Brazil	BRA	South America	South America	2001	Female	45-49	4091
Brazil	BRA	South America	South America	2001	Female	5-9	303
Brazil	BRA	South America	South America	2001	Female	50-54	4976
Brazil	BRA	South America	South America	2001	Female	55-59	5369
Brazil	BRA	South America	South America	2001	Female	60-64	6154
Brazil	BRA	South America	South America	2001	Female	65-69	6572
Brazil	BRA	South America	South America	2001	Female	70-74	6893
Brazil	BRA	South America	South America	2001	Female	75-79	5955
Brazil	BRA	South America	South America	2001	Female	80-84	4370
Brazil	BRA	South America	South America	2001	Female	85+	4255
Brazil	BRA	South America	South America	2001	Male	0-4	406
Brazil	BRA	South America	South America	2001	Male	10-14	338
Brazil	BRA	South America	South America	2001	Male	15-19	542
Brazil	BRA	South America	South America	2001	Male	20-24	578
Brazil	BRA	South America	South America	2001	Male	25-29	598
Brazil	BRA	South America	South America	2001	Male	30-34	819
Brazil	BRA	South America	South America	2001	Male	35-39	1364
Brazil	BRA	South America	South America	2001	Male	40-44	2365
Brazil	BRA	South America	South America	2001	Male	45-49	3923
Brazil	BRA	South America	South America	2001	Male	5-9	313
Brazil	BRA	South America	South America	2001	Male	50-54	5251
Brazil	BRA	South America	South America	2001	Male	55-59	6467
Brazil	BRA	South America	South America	2001	Male	60-64	8113
Brazil	BRA	South America	South America	2001	Male	65-69	9045
Brazil	BRA	South America	South America	2001	Male	70-74	9565
Brazil	BRA	South America	South America	2001	Male	75-79	7838
Brazil	BRA	South America	South America	2001	Male	80-84	5292
Brazil	BRA	South America	South America	2001	Male	85+	4094
Brazil	BRA	South America	South America	2002	Female	0-4	344
Brazil	BRA	South America	South America	2002	Female	10-14	270
Brazil	BRA	South America	South America	2002	Female	15-19	358
Brazil	BRA	South America	South America	2002	Female	20-24	451
Brazil	BRA	South America	South America	2002	Female	25-29	693
Brazil	BRA	South America	South America	2002	Female	30-34	1114
Brazil	BRA	South America	South America	2002	Female	35-39	1955
Brazil	BRA	South America	South America	2002	Female	40-44	3088
Brazil	BRA	South America	South America	2002	Female	45-49	4161
Brazil	BRA	South America	South America	2002	Female	5-9	291
Brazil	BRA	South America	South America	2002	Female	50-54	5203
Brazil	BRA	South America	South America	2002	Female	55-59	5466
Brazil	BRA	South America	South America	2002	Female	60-64	6344
Brazil	BRA	South America	South America	2002	Female	65-69	6742
Brazil	BRA	South America	South America	2002	Female	70-74	6891
Brazil	BRA	South America	South America	2002	Female	75-79	6230
Brazil	BRA	South America	South America	2002	Female	80-84	4562
Brazil	BRA	South America	South America	2002	Female	85+	4607
Brazil	BRA	South America	South America	2002	Male	0-4	422
Brazil	BRA	South America	South America	2002	Male	10-14	362
Brazil	BRA	South America	South America	2002	Male	15-19	528
Brazil	BRA	South America	South America	2002	Male	20-24	625
Brazil	BRA	South America	South America	2002	Male	25-29	612
Brazil	BRA	South America	South America	2002	Male	30-34	810
Brazil	BRA	South America	South America	2002	Male	35-39	1316
Brazil	BRA	South America	South America	2002	Male	40-44	2355
Brazil	BRA	South America	South America	2002	Male	45-49	4056
Brazil	BRA	South America	South America	2002	Male	5-9	392
Brazil	BRA	South America	South America	2002	Male	50-54	5485
Brazil	BRA	South America	South America	2002	Male	55-59	6827
Brazil	BRA	South America	South America	2002	Male	60-64	8305
Brazil	BRA	South America	South America	2002	Male	65-69	9503
Brazil	BRA	South America	South America	2002	Male	70-74	9822
Brazil	BRA	South America	South America	2002	Male	75-79	8315
Brazil	BRA	South America	South America	2002	Male	80-84	5512
Brazil	BRA	South America	South America	2002	Male	85+	4355
Brazil	BRA	South America	South America	2003	Female	0-4	373
Brazil	BRA	South America	South America	2003	Female	10-14	265
Brazil	BRA	South America	South America	2003	Female	15-19	337
Brazil	BRA	South America	South America	2003	Female	20-24	483
Brazil	BRA	South America	South America	2003	Female	25-29	668
Brazil	BRA	South America	South America	2003	Female	30-34	1093
Brazil	BRA	South America	South America	2003	Female	35-39	2048
Brazil	BRA	South America	South America	2003	Female	40-44	3064
Brazil	BRA	South America	South America	2003	Female	45-49	4430
Brazil	BRA	South America	South America	2003	Female	5-9	294
Brazil	BRA	South America	South America	2003	Female	50-54	5116
Brazil	BRA	South America	South America	2003	Female	55-59	5818
Brazil	BRA	South America	South America	2003	Female	60-64	6553
Brazil	BRA	South America	South America	2003	Female	65-69	6980
Brazil	BRA	South America	South America	2003	Female	70-74	7296
Brazil	BRA	South America	South America	2003	Female	75-79	6709
Brazil	BRA	South America	South America	2003	Female	80-84	4866
Brazil	BRA	South America	South America	2003	Female	85+	4834
Brazil	BRA	South America	South America	2003	Male	0-4	410
Brazil	BRA	South America	South America	2003	Male	10-14	338
Brazil	BRA	South America	South America	2003	Male	15-19	534
Brazil	BRA	South America	South America	2003	Male	20-24	598
Brazil	BRA	South America	South America	2003	Male	25-29	634
Brazil	BRA	South America	South America	2003	Male	30-34	895
Brazil	BRA	South America	South America	2003	Male	35-39	1320
Brazil	BRA	South America	South America	2003	Male	40-44	2476
Brazil	BRA	South America	South America	2003	Male	45-49	4219
Brazil	BRA	South America	South America	2003	Male	5-9	376
Brazil	BRA	South America	South America	2003	Male	50-54	5640
Brazil	BRA	South America	South America	2003	Male	55-59	7011
Brazil	BRA	South America	South America	2003	Male	60-64	8653
Brazil	BRA	South America	South America	2003	Male	65-69	9647
Brazil	BRA	South America	South America	2003	Male	70-74	9948
Brazil	BRA	South America	South America	2003	Male	75-79	8766
Brazil	BRA	South America	South America	2003	Male	80-84	5821
Brazil	BRA	South America	South America	2003	Male	85+	4724
Brazil	BRA	South America	South America	2004	Female	0-4	339
Brazil	BRA	South America	South America	2004	Female	10-14	312
Brazil	BRA	South America	South America	2004	Female	15-19	382
Brazil	BRA	South America	South America	2004	Female	20-24	482
Brazil	BRA	South America	South America	2004	Female	25-29	700
Brazil	BRA	South America	South America	2004	Female	30-34	1181
Brazil	BRA	South America	South America	2004	Female	35-39	1999
Brazil	BRA	South America	South America	2004	Female	40-44	3193
Brazil	BRA	South America	South America	2004	Female	45-49	4485
Brazil	BRA	South America	South America	2004	Female	5-9	298
Brazil	BRA	South America	South America	2004	Female	50-54	5562
Brazil	BRA	South America	South America	2004	Female	55-59	6114
Brazil	BRA	South America	South America	2004	Female	60-64	6774
Brazil	BRA	South America	South America	2004	Female	65-69	7446
Brazil	BRA	South America	South America	2004	Female	70-74	7608
Brazil	BRA	South America	South America	2004	Female	75-79	6898
Brazil	BRA	South America	South America	2004	Female	80-84	5106
Brazil	BRA	South America	South America	2004	Female	85+	5069
Brazil	BRA	South America	South America	2004	Male	0-4	430
Brazil	BRA	South America	South America	2004	Male	10-14	337
Brazil	BRA	South America	South America	2004	Male	15-19	517
Brazil	BRA	South America	South America	2004	Male	20-24	603
Brazil	BRA	South America	South America	2004	Male	25-29	649
Brazil	BRA	South America	South America	2004	Male	30-34	852
Brazil	BRA	South America	South America	2004	Male	35-39	1367
Brazil	BRA	South America	South America	2004	Male	40-44	2500
Brazil	BRA	South America	South America	2004	Male	45-49	4315
Brazil	BRA	South America	South America	2004	Male	5-9	349
Brazil	BRA	South America	South America	2004	Male	50-54	6053
Brazil	BRA	South America	South America	2004	Male	55-59	7479
Brazil	BRA	South America	South America	2004	Male	60-64	8701
Brazil	BRA	South America	South America	2004	Male	65-69	10204
Brazil	BRA	South America	South America	2004	Male	70-74	10347
Brazil	BRA	South America	South America	2004	Male	75-79	9381
Brazil	BRA	South America	South America	2004	Male	80-84	6252
Brazil	BRA	South America	South America	2004	Male	85+	5109
Brazil	BRA	South America	South America	2005	Female	0-4	320
Brazil	BRA	South America	South America	2005	Female	10-14	268
Brazil	BRA	South America	South America	2005	Female	15-19	395
Brazil	BRA	South America	South America	2005	Female	20-24	475
Brazil	BRA	South America	South America	2005	Female	25-29	800
Brazil	BRA	South America	South America	2005	Female	30-34	1217
Brazil	BRA	South America	South America	2005	Female	35-39	1996
Brazil	BRA	South America	South America	2005	Female	40-44	3308
Brazil	BRA	South America	South America	2005	Female	45-49	4758
Brazil	BRA	South America	South America	2005	Female	5-9	285
Brazil	BRA	South America	South America	2005	Female	50-54	5861
Brazil	BRA	South America	South America	2005	Female	55-59	6418
Brazil	BRA	South America	South America	2005	Female	60-64	6770
Brazil	BRA	South America	South America	2005	Female	65-69	7705
Brazil	BRA	South America	South America	2005	Female	70-74	7640
Brazil	BRA	South America	South America	2005	Female	75-79	7579
Brazil	BRA	South America	South America	2005	Female	80-84	5453
Brazil	BRA	South America	South America	2005	Female	85+	5636
Brazil	BRA	South America	South America	2005	Male	0-4	422
Brazil	BRA	South America	South America	2005	Male	10-14	353
Brazil	BRA	South America	South America	2005	Male	15-19	539
Brazil	BRA	South America	South America	2005	Male	20-24	575
Brazil	BRA	South America	South America	2005	Male	25-29	658
Brazil	BRA	South America	South America	2005	Male	30-34	920
Brazil	BRA	South America	South America	2005	Male	35-39	1362
Brazil	BRA	South America	South America	2005	Male	40-44	2518
Brazil	BRA	South America	South America	2005	Male	45-49	4382
Brazil	BRA	South America	South America	2005	Male	5-9	358
Brazil	BRA	South America	South America	2005	Male	50-54	6325
Brazil	BRA	South America	South America	2005	Male	55-59	7900
Brazil	BRA	South America	South America	2005	Male	60-64	8909
Brazil	BRA	South America	South America	2005	Male	65-69	10552
Brazil	BRA	South America	South America	2005	Male	70-74	10658
Brazil	BRA	South America	South America	2005	Male	75-79	9824
Brazil	BRA	South America	South America	2005	Male	80-84	6919
Brazil	BRA	South America	South America	2005	Male	85+	5614
Brazil	BRA	South America	South America	2006	Female	0-4	357
Brazil	BRA	South America	South America	2006	Female	10-14	309
Brazil	BRA	South America	South America	2006	Female	15-19	403
Brazil	BRA	South America	South America	2006	Female	20-24	481
Brazil	BRA	South America	South America	2006	Female	25-29	756
Brazil	BRA	South America	South America	2006	Female	30-34	1214
Brazil	BRA	South America	South America	2006	Female	35-39	2159
Brazil	BRA	South America	South America	2006	Female	40-44	3356
Brazil	BRA	South America	South America	2006	Female	45-49	4809
Brazil	BRA	South America	South America	2006	Female	5-9	281
Brazil	BRA	South America	South America	2006	Female	50-54	6049
Brazil	BRA	South America	South America	2006	Female	55-59	6968
Brazil	BRA	South America	South America	2006	Female	60-64	7261
Brazil	BRA	South America	South America	2006	Female	65-69	8034
Brazil	BRA	South America	South America	2006	Female	70-74	8064
Brazil	BRA	South America	South America	2006	Female	75-79	8005
Brazil	BRA	South America	South America	2006	Female	80-84	6104
Brazil	BRA	South America	South America	2006	Female	85+	6149
Brazil	BRA	South America	South America	2006	Male	0-4	391
Brazil	BRA	South America	South America	2006	Male	10-14	359
Brazil	BRA	South America	South America	2006	Male	15-19	499
Brazil	BRA	South America	South America	2006	Male	20-24	623
Brazil	BRA	South America	South America	2006	Male	25-29	683
Brazil	BRA	South America	South America	2006	Male	30-34	840
Brazil	BRA	South America	South America	2006	Male	35-39	1354
Brazil	BRA	South America	South America	2006	Male	40-44	2555
Brazil	BRA	South America	South America	2006	Male	45-49	4492
Brazil	BRA	South America	South America	2006	Male	5-9	400
Brazil	BRA	South America	South America	2006	Male	50-54	6564
Brazil	BRA	South America	South America	2006	Male	55-59	8283
Brazil	BRA	South America	South America	2006	Male	60-64	9426
Brazil	BRA	South America	South America	2006	Male	65-69	10830
Brazil	BRA	South America	South America	2006	Male	70-74	11085
Brazil	BRA	South America	South America	2006	Male	75-79	10383
Brazil	BRA	South America	South America	2006	Male	80-84	7511
Brazil	BRA	South America	South America	2006	Male	85+	6226
Brazil	BRA	South America	South America	2007	Female	0-4	302
Brazil	BRA	South America	South America	2007	Female	10-14	317
Brazil	BRA	South America	South America	2007	Female	15-19	378
Brazil	BRA	South America	South America	2007	Female	20-24	463
Brazil	BRA	South America	South America	2007	Female	25-29	799
Brazil	BRA	South America	South America	2007	Female	30-34	1295
Brazil	BRA	South America	South America	2007	Female	35-39	2059
Brazil	BRA	South America	South America	2007	Female	40-44	3478
Brazil	BRA	South America	South America	2007	Female	45-49	4876
Brazil	BRA	South America	South America	2007	Female	5-9	300
Brazil	BRA	South America	South America	2007	Female	50-54	6191
Brazil	BRA	South America	South America	2007	Female	55-59	7222
Brazil	BRA	South America	South America	2007	Female	60-64	7609
Brazil	BRA	South America	South America	2007	Female	65-69	8074
Brazil	BRA	South America	South America	2007	Female	70-74	8471
Brazil	BRA	South America	South America	2007	Female	75-79	8194
Brazil	BRA	South America	South America	2007	Female	80-84	6504
Brazil	BRA	South America	South America	2007	Female	85+	6536
Brazil	BRA	South America	South America	2007	Male	0-4	389
Brazil	BRA	South America	South America	2007	Male	10-14	382
Brazil	BRA	South America	South America	2007	Male	15-19	554
Brazil	BRA	South America	South America	2007	Male	20-24	658
Brazil	BRA	South America	South America	2007	Male	25-29	758
Brazil	BRA	South America	South America	2007	Male	30-34	887
Brazil	BRA	South America	South America	2007	Male	35-39	1388
Brazil	BRA	South America	South America	2007	Male	40-44	2542
Brazil	BRA	South America	South America	2007	Male	45-49	4461
Brazil	BRA	South America	South America	2007	Male	5-9	358
Brazil	BRA	South America	South America	2007	Male	50-54	6846
Brazil	BRA	South America	South America	2007	Male	55-59	8664
Brazil	BRA	South America	South America	2007	Male	60-64	9703
Brazil	BRA	South America	South America	2007	Male	65-69	11140
Brazil	BRA	South America	South America	2007	Male	70-74	11398
Brazil	BRA	South America	South America	2007	Male	75-79	10803
Brazil	BRA	South America	South America	2007	Male	80-84	8079
Brazil	BRA	South America	South America	2007	Male	85+	6731
Brazil	BRA	South America	South America	2008	Female	0-4	321
Brazil	BRA	South America	South America	2008	Female	10-14	290
Brazil	BRA	South America	South America	2008	Female	15-19	363
Brazil	BRA	South America	South America	2008	Female	20-24	463
Brazil	BRA	South America	South America	2008	Female	25-29	830
Brazil	BRA	South America	South America	2008	Female	30-34	1341
Brazil	BRA	South America	South America	2008	Female	35-39	2152
Brazil	BRA	South America	South America	2008	Female	40-44	3549
Brazil	BRA	South America	South America	2008	Female	45-49	5147
Brazil	BRA	South America	South America	2008	Female	5-9	268
Brazil	BRA	South America	South America	2008	Female	50-54	6467
Brazil	BRA	South America	South America	2008	Female	55-59	7512
Brazil	BRA	South America	South America	2008	Female	60-64	8198
Brazil	BRA	South America	South America	2008	Female	65-69	8479
Brazil	BRA	South America	South America	2008	Female	70-74	8798
Brazil	BRA	South America	South America	2008	Female	75-79	8169
Brazil	BRA	South America	South America	2008	Female	80-84	6889
Brazil	BRA	South America	South America	2008	Female	85+	6714
Brazil	BRA	South America	South America	2008	Male	0-4	365
Brazil	BRA	South America	South America	2008	Male	10-14	368
Brazil	BRA	South America	South America	2008	Male	15-19	523
Brazil	BRA	South America	South America	2008	Male	20-24	631
Brazil	BRA	South America	South America	2008	Male	25-29	708
Brazil	BRA	South America	South America	2008	Male	30-34	897
Brazil	BRA	South America	South America	2008	Male	35-39	1369
Brazil	BRA	South America	South America	2008	Male	40-44	2572
Brazil	BRA	South America	South America	2008	Male	45-49	4545
Brazil	BRA	South America	South America	2008	Male	5-9	373
Brazil	BRA	South America	South America	2008	Male	50-54	7061
Brazil	BRA	South America	South America	2008	Male	55-59	8784
Brazil	BRA	South America	South America	2008	Male	60-64	10253
Brazil	BRA	South America	South America	2008	Male	65-69	11524
Brazil	BRA	South America	South America	2008	Male	70-74	11927
Brazil	BRA	South America	South America	2008	Male	75-79	11042
Brazil	BRA	South America	South America	2008	Male	80-84	8495
Brazil	BRA	South America	South America	2008	Male	85+	7134
Brazil	BRA	South America	South America	2009	Female	0-4	280
Brazil	BRA	South America	South America	2009	Female	10-14	316
Brazil	BRA	South America	South America	2009	Female	15-19	382
Brazil	BRA	South America	South America	2009	Female	20-24	480
Brazil	BRA	South America	South America	2009	Female	25-29	818
Brazil	BRA	South America	South America	2009	Female	30-34	1400
Brazil	BRA	South America	South America	2009	Female	35-39	2270
Brazil	BRA	South America	South America	2009	Female	40-44	3529
Brazil	BRA	South America	South America	2009	Female	45-49	5259
Brazil	BRA	South America	South America	2009	Female	5-9	264
Brazil	BRA	South America	South America	2009	Female	50-54	6769
Brazil	BRA	South America	South America	2009	Female	55-59	7936
Brazil	BRA	South America	South America	2009	Female	60-64	7973
Brazil	BRA	South America	South America	2009	Female	65-69	8581
Brazil	BRA	South America	South America	2009	Female	70-74	9133
Brazil	BRA	South America	South America	2009	Female	75-79	8481
Brazil	BRA	South America	South America	2009	Female	80-84	7228
Brazil	BRA	South America	South America	2009	Female	85+	7121
Brazil	BRA	South America	South America	2009	Male	0-4	406
Brazil	BRA	South America	South America	2009	Male	10-14	373
Brazil	BRA	South America	South America	2009	Male	15-19	591
Brazil	BRA	South America	South America	2009	Male	20-24	654
Brazil	BRA	South America	South America	2009	Male	25-29	725
Brazil	BRA	South America	South America	2009	Male	30-34	911
Brazil	BRA	South America	South America	2009	Male	35-39	1371
Brazil	BRA	South America	South America	2009	Male	40-44	2503
Brazil	BRA	South America	South America	2009	Male	45-49	4716
Brazil	BRA	South America	South America	2009	Male	5-9	355
Brazil	BRA	South America	South America	2009	Male	50-54	7243
Brazil	BRA	South America	South America	2009	Male	55-59	9275
Brazil	BRA	South America	South America	2009	Male	60-64	10544
Brazil	BRA	South America	South America	2009	Male	65-69	11610
Brazil	BRA	South America	South America	2009	Male	70-74	12192
Brazil	BRA	South America	South America	2009	Male	75-79	11262
Brazil	BRA	South America	South America	2009	Male	80-84	8743
Brazil	BRA	South America	South America	2009	Male	85+	7560
Brazil	BRA	South America	South America	2010	Female	0-4	303
Brazil	BRA	South America	South America	2010	Female	10-14	293
Brazil	BRA	South America	South America	2010	Female	15-19	362
Brazil	BRA	South America	South America	2010	Female	20-24	446
Brazil	BRA	South America	South America	2010	Female	25-29	836
Brazil	BRA	South America	South America	2010	Female	30-34	1471
Brazil	BRA	South America	South America	2010	Female	35-39	2127
Brazil	BRA	South America	South America	2010	Female	40-44	3456
Brazil	BRA	South America	South America	2010	Female	45-49	5348
Brazil	BRA	South America	South America	2010	Female	5-9	235
Brazil	BRA	South America	South America	2010	Female	50-54	7055
Brazil	BRA	South America	South America	2010	Female	55-59	8295
Brazil	BRA	South America	South America	2010	Female	60-64	8693
Brazil	BRA	South America	South America	2010	Female	65-69	8996
Brazil	BRA	South America	South America	2010	Female	70-74	9385
Brazil	BRA	South America	South America	2010	Female	75-79	8734
Brazil	BRA	South America	South America	2010	Female	80-84	7448
Brazil	BRA	South America	South America	2010	Female	85+	7776
Brazil	BRA	South America	South America	2010	Male	0-4	347
Brazil	BRA	South America	South America	2010	Male	10-14	381
Brazil	BRA	South America	South America	2010	Male	15-19	517
Brazil	BRA	South America	South America	2010	Male	20-24	636
Brazil	BRA	South America	South America	2010	Male	25-29	766
Brazil	BRA	South America	South America	2010	Male	30-34	960
Brazil	BRA	South America	South America	2010	Male	35-39	1353
Brazil	BRA	South America	South America	2010	Male	40-44	2505
Brazil	BRA	South America	South America	2010	Male	45-49	4606
Brazil	BRA	South America	South America	2010	Male	5-9	344
Brazil	BRA	South America	South America	2010	Male	50-54	7497
Brazil	BRA	South America	South America	2010	Male	55-59	9846
Brazil	BRA	South America	South America	2010	Male	60-64	11237
Brazil	BRA	South America	South America	2010	Male	65-69	12002
Brazil	BRA	South America	South America	2010	Male	70-74	12828
Brazil	BRA	South America	South America	2010	Male	75-79	11582
Brazil	BRA	South America	South America	2010	Male	80-84	9145
Brazil	BRA	South America	South America	2010	Male	85+	8079
